flight_date,flight_status,departure.airport,departure.timezone,departure.iata,departure.icao,departure.terminal,departure.gate,departure.delay,departure.scheduled,departure.estimated,departure.actual,departure.estimated_runway,departure.actual_runway,arrival.airport,arrival.timezone,arrival.iata,arrival.icao,arrival.terminal,arrival.gate,arrival.baggage,arrival.scheduled,arrival.delay,arrival.estimated,arrival.actual,arrival.estimated_runway,arrival.actual_runway,airline.name,airline.iata,airline.icao,flight.number,flight.iata,flight.icao,flight.codeshared,aircraft.registration,aircraft.iata,aircraft.icao,aircraft.icao24,live.updated,live.latitude,live.longitude,live.altitude,live.direction,live.speed_horizontal,live.speed_vertical,live.is_ground,live,flight.codeshared.airline_name,flight.codeshared.airline_iata,flight.codeshared.airline_icao,flight.codeshared.flight_number,flight.codeshared.flight_iata,flight.codeshared.flight_icao,aircraft
2026-05-17,scheduled,Atyrau International,Asia/Aqtau,GUW,UATG,,,18.0,2026-05-17T03:40:00+00:00,2026-05-17T03:40:00+00:00,2026-05-17T04:11:00+00:00,2026-05-17T04:11:00+00:00,2026-05-17T04:11:00+00:00,,,NQZ,UACC,2,,,2026-05-17T06:50:00+00:00,18.0,2026-05-17T07:08:00+00:00,,,,FlyArystan,FS,AYN,7207,FS7207,AYN7207,,EI-KBD,A320,A320,4CABFD,2026-05-16T23:36:04+00:00,47.9723,55.3346,10325.1,76.0,666.72,0.0,False,,,,,,,,
2026-05-17,active,Astana,Asia/Almaty,NQZ,UACC,2,,,2026-05-17T05:45:00+00:00,2026-05-17T05:45:00+00:00,,,,Shimkent,Asia/Almaty,CIT,UAII,A,,,2026-05-17T07:35:00+00:00,,,,,,FlyArystan,FS,AYN,7307,FS7307,AYN7307,,,,,4CAF1B,,,,,,,,,,,,,,,,
2026-05-17,scheduled,"Baicheng Chang'an Airport
",,DBC,ZYBA,,1-5,,2026-05-17T09:50:00+00:00,2026-05-17T09:50:00+00:00,,,,Beijing Daxing International Airport,+8,PKX,ZBAD,,,,2026-05-17T11:35:00+00:00,,,,,,China Eastern Airlines,MU,CES,8142,MU8142,CES8142,,,,,781237,,,,,,,,,,china united airlines,kn,cua,5596,kn5596,cua5596,
2026-05-17,scheduled,Tianhe International,Asia/Shanghai,WUH,ZHHH,2,213,,2026-05-17T11:05:00+00:00,2026-05-17T11:05:00+00:00,,,,Aksu,Asia/Shanghai,AKU,ZWAK,T2,,2,2026-05-17T16:20:00+00:00,,,,,,Hainan Airlines,HU,CHH,2035,HU2035,CHH2035,,,,,7823D0,,,,,,,,,,loong air,gj,cdc,8101,gj8101,cdc8101,
2026-05-17,scheduled,Frederic Chopin,Europe/Warsaw,WAW,EPWA,,,,2026-05-17T07:20:00+00:00,2026-05-17T07:20:00+00:00,,,,Kaunas,Europe/Vilnius,KUN,EYKA,,,,2026-05-17T09:23:00+00:00,,,,,,ASL Airlines,5H,ABR,,5H,ABR,,,,,39A206,,,,,,,,,,,,,,,,
2026-05-17,scheduled,,,VCL,VVCA,,,,2026-05-17T11:10:00+00:00,2026-05-17T11:10:00+00:00,,,,Tan Son Nhat International,Asia/Ho_Chi_Minh,SGN,VVTS,1,,,2026-05-17T12:30:00+00:00,,,,,,,H1,H1,4462,H14462,H14462,,,,,,,,,,,,,,,vietjet air,vj,vjc,373,vj373,vjc373,
2026-05-17,scheduled,,,VCL,VVCA,,,,2026-05-17T11:10:00+00:00,2026-05-17T11:10:00+00:00,,,,Tan Son Nhat International,Asia/Ho_Chi_Minh,SGN,VVTS,1,,,2026-05-17T12:30:00+00:00,,,,,,Flexflight,W2,FXT,4373,W24373,FXT4373,,,,,,,,,,,,,,,vietjet air,vj,vjc,373,vj373,vjc373,
2026-05-17,scheduled,,,VCL,VVCA,,,,2026-05-17T11:10:00+00:00,2026-05-17T11:10:00+00:00,,,,Tan Son Nhat International,Asia/Ho_Chi_Minh,SGN,VVTS,1,,,2026-05-17T12:30:00+00:00,,,,,,,A1,A1,2373,A12373,A12373,,,,,,,,,,,,,,,vietjet air,vj,vjc,373,vj373,vjc373,
2026-05-17,active,Taiwan Taoyuan International (Chiang Kai Shek International),Asia/Taipei,TPE,RCTP,1,B1R,,2026-05-17T07:25:00+00:00,2026-05-17T07:25:00+00:00,2026-05-17T07:32:00+00:00,2026-05-17T07:32:00+00:00,2026-05-17T07:32:00+00:00,Kansai International,Asia/Tokyo,KIX,RJBB,1,,4,2026-05-17T11:05:00+00:00,7.0,2026-05-17T10:27:00+00:00,,,,VietJet Air,VJ,VJC,566,VJ566,VJC566,,,,,885B44,,,,,,,,,,,,,,,,
2026-05-17,active,Sydney Kingsford Smith Airport,Australia/Sydney,SYD,YSSY,1,32,,2026-05-17T09:20:00+00:00,2026-05-17T09:20:00+00:00,,,,Vancouver International,America/Vancouver,YVR,CYVR,M,D51,,2026-05-17T06:50:00+00:00,2.0,,,,,Virgin Australia,VA,VOZ,5150,VA5150,VOZ5150,,,,,C023AA,,,,,,,,,,air canada,ac,aca,34,ac34,aca34,
2026-05-17,active,Sydney Kingsford Smith Airport,Australia/Sydney,SYD,YSSY,1,32,,2026-05-17T09:20:00+00:00,2026-05-17T09:20:00+00:00,,,,Vancouver International,America/Vancouver,YVR,CYVR,M,D51,,2026-05-17T06:50:00+00:00,2.0,,,,,Air New Zealand,NZ,ANZ,4760,NZ4760,ANZ4760,,,,,C023AA,,,,,,,,,,air canada,ac,aca,34,ac34,aca34,
2026-05-17,active,Sydney Kingsford Smith Airport,Australia/Sydney,SYD,YSSY,3,17,,2026-05-17T08:55:00+00:00,2026-05-17T08:55:00+00:00,,,,Coffs Harbour,Australia/Sydney,CFS,YCFS,,,,2026-05-17T10:10:00+00:00,,,,,,QantasLink,,QLK,2102,,QLK2102,,,,,7C39F1,,,,,,,,,,,,,,,,
2026-05-17,scheduled,Suvarnabhumi International,Asia/Bangkok,BKK,VTBS,,A8,,2026-05-17T11:50:00+00:00,2026-05-17T11:50:00+00:00,,,,Trat,Asia/Bangkok,TDX,VTBO,,,,2026-05-17T12:50:00+00:00,,,,,,Oman Air,WY,OMA,5881,WY5881,OMA5881,,,,,,,,,,,,,,,bangkok airways,pg,bkp,305,pg305,bkp305,
2026-05-17,scheduled,Suvarnabhumi International,Asia/Bangkok,BKK,VTBS,,A8,,2026-05-17T11:50:00+00:00,2026-05-17T11:50:00+00:00,,,,Trat,Asia/Bangkok,TDX,VTBO,,,,2026-05-17T12:50:00+00:00,,,,,,Turkish Airlines,TK,THY,7601,TK7601,THY7601,,,,,,,,,,,,,,,bangkok airways,pg,bkp,305,pg305,bkp305,
2026-05-17,scheduled,Suvarnabhumi International,Asia/Bangkok,BKK,VTBS,,A8,,2026-05-17T11:50:00+00:00,2026-05-17T11:50:00+00:00,,,,Trat,Asia/Bangkok,TDX,VTBO,,,,2026-05-17T12:50:00+00:00,,,,,,Thai Airways,TG,THA,5695,TG5695,THA5695,,,,,,,,,,,,,,,bangkok airways,pg,bkp,305,pg305,bkp305,
2026-05-17,scheduled,Suvarnabhumi International,Asia/Bangkok,BKK,VTBS,,A8,,2026-05-17T11:50:00+00:00,2026-05-17T11:50:00+00:00,,,,Trat,Asia/Bangkok,TDX,VTBO,,,,2026-05-17T12:50:00+00:00,,,,,,Qatar Airways,QR,QTR,4387,QR4387,QTR4387,,,,,,,,,,,,,,,bangkok airways,pg,bkp,305,pg305,bkp305,
2026-05-17,scheduled,Suvarnabhumi International,Asia/Bangkok,BKK,VTBS,,A8,,2026-05-17T11:50:00+00:00,2026-05-17T11:50:00+00:00,,,,Trat,Asia/Bangkok,TDX,VTBO,,,,2026-05-17T12:50:00+00:00,,,,,,Qantas,QF,QFA,3458,QF3458,QFA3458,,,,,,,,,,,,,,,bangkok airways,pg,bkp,305,pg305,bkp305,
2026-05-17,scheduled,Suvarnabhumi International,Asia/Bangkok,BKK,VTBS,,A8,,2026-05-17T11:50:00+00:00,2026-05-17T11:50:00+00:00,,,,Trat,Asia/Bangkok,TDX,VTBO,,,,2026-05-17T12:50:00+00:00,,,,,,Swiss,LX,SWR,4166,LX4166,SWR4166,,,,,,,,,,,,,,,bangkok airways,pg,bkp,305,pg305,bkp305,
2026-05-17,scheduled,Suvarnabhumi International,Asia/Bangkok,BKK,VTBS,,A8,,2026-05-17T11:50:00+00:00,2026-05-17T11:50:00+00:00,,,,Trat,Asia/Bangkok,TDX,VTBO,,,,2026-05-17T12:50:00+00:00,,,,,,KLM,KL,KLM,3981,KL3981,KLM3981,,,,,,,,,,,,,,,bangkok airways,pg,bkp,305,pg305,bkp305,
2026-05-17,scheduled,Suvarnabhumi International,Asia/Bangkok,BKK,VTBS,,A8,,2026-05-17T11:50:00+00:00,2026-05-17T11:50:00+00:00,,,,Trat,Asia/Bangkok,TDX,VTBO,,,,2026-05-17T12:50:00+00:00,,,,,,Air Astana,KC,KZR,1305,KC1305,KZR1305,,,,,,,,,,,,,,,bangkok airways,pg,bkp,305,pg305,bkp305,
2026-05-17,scheduled,Suvarnabhumi International,Asia/Bangkok,BKK,VTBS,,A8,,2026-05-17T11:50:00+00:00,2026-05-17T11:50:00+00:00,,,,Trat,Asia/Bangkok,TDX,VTBO,,,,2026-05-17T12:50:00+00:00,,,,,,Gulf Air,GF,GFA,4438,GF4438,GFA4438,,,,,,,,,,,,,,,bangkok airways,pg,bkp,305,pg305,bkp305,
2026-05-17,scheduled,Suvarnabhumi International,Asia/Bangkok,BKK,VTBS,,A8,,2026-05-17T11:50:00+00:00,2026-05-17T11:50:00+00:00,,,,Trat,Asia/Bangkok,TDX,VTBO,,,,2026-05-17T12:50:00+00:00,,,,,,Etihad Airways,EY,ETD,7738,EY7738,ETD7738,,,,,,,,,,,,,,,bangkok airways,pg,bkp,305,pg305,bkp305,
2026-05-17,scheduled,Suvarnabhumi International,Asia/Bangkok,BKK,VTBS,,A8,,2026-05-17T11:50:00+00:00,2026-05-17T11:50:00+00:00,,,,Trat,Asia/Bangkok,TDX,VTBO,,,,2026-05-17T12:50:00+00:00,,,,,,Emirates,EK,UAE,4536,EK4536,UAE4536,,,,,,,,,,,,,,,bangkok airways,pg,bkp,305,pg305,bkp305,
2026-05-17,scheduled,Suvarnabhumi International,Asia/Bangkok,BKK,VTBS,,A8,,2026-05-17T11:50:00+00:00,2026-05-17T11:50:00+00:00,,,,Trat,Asia/Bangkok,TDX,VTBO,,,,2026-05-17T12:50:00+00:00,,,,,,China Airlines,CI,CAL,9737,CI9737,CAL9737,,,,,,,,,,,,,,,bangkok airways,pg,bkp,305,pg305,bkp305,
2026-05-17,scheduled,Suvarnabhumi International,Asia/Bangkok,BKK,VTBS,,A8,,2026-05-17T11:50:00+00:00,2026-05-17T11:50:00+00:00,,,,Trat,Asia/Bangkok,TDX,VTBO,,,,2026-05-17T12:50:00+00:00,,,,,,EVA Air,BR,EVA,3963,BR3963,EVA3963,,,,,,,,,,,,,,,bangkok airways,pg,bkp,305,pg305,bkp305,
2026-05-17,scheduled,Suvarnabhumi International,Asia/Bangkok,BKK,VTBS,,A8,,2026-05-17T11:50:00+00:00,2026-05-17T11:50:00+00:00,,,,Trat,Asia/Bangkok,TDX,VTBO,,,,2026-05-17T12:50:00+00:00,,,,,,Finnair,AY,FIN,6901,AY6901,FIN6901,,,,,,,,,,,,,,,bangkok airways,pg,bkp,305,pg305,bkp305,
2026-05-17,scheduled,Suvarnabhumi International,Asia/Bangkok,BKK,VTBS,,A8,,2026-05-17T11:50:00+00:00,2026-05-17T11:50:00+00:00,,,,Trat,Asia/Bangkok,TDX,VTBO,,,,2026-05-17T12:50:00+00:00,,,,,,Air France,AF,AFR,8036,AF8036,AFR8036,,,,,,,,,,,,,,,bangkok airways,pg,bkp,305,pg305,bkp305,
2026-05-17,scheduled,Stansted,Europe/London,STN,EGSS,,,,2026-05-17T06:45:00+00:00,2026-05-17T06:45:00+00:00,,,,Nantes Atlantique,Europe/Paris,NTE,LFRS,1,,C3,2026-05-17T09:15:00+00:00,14.0,,,,,Ryanair,FR,RYR,2232,FR2232,RYR2232,,,,,407CB0,,,,,,,,,,,,,,,,
2026-05-17,scheduled,Stansted,Europe/London,STN,EGSS,,,,2026-05-17T06:45:00+00:00,2026-05-17T06:45:00+00:00,,,,Glasgow International,Europe/London,GLA,EGPF,,,,2026-05-17T08:20:00+00:00,14.0,,,,,Ryanair,FR,RYR,175,FR175,RYR175,,,,,407E82,,,,,,,,,,,,,,,,
2026-05-17,active,Tan Son Nhat International,Asia/Ho_Chi_Minh,SGN,VVTS,3,,,2026-05-17T06:40:00+00:00,2026-05-17T06:40:00+00:00,,,,Coong,Asia/Ho_Chi_Minh,VCS,VVCS,,,,2026-05-17T07:30:00+00:00,,,,,,VASCO,0V,VFC,8059,0V8059,VFC8059,,,,,88805E,,,,,,,,,,,,,,,,
2026-05-17,scheduled,Shenyang,Asia/Shanghai,SHE,ZYTX,T3,,,2026-05-17T10:15:00+00:00,2026-05-17T10:15:00+00:00,,,,Xianyang,Asia/Shanghai,XIY,ZLXY,5,,,2026-05-17T13:20:00+00:00,,,,,,Xiamen Air,MF,CXA,3074,MF3074,CXA3074,,,,,781F1A,,,,,,,,,,china eastern airlines,mu,ces,2184,mu2184,ces2184,
2026-05-17,scheduled,Shenyang,Asia/Shanghai,SHE,ZYTX,T3,,,2026-05-17T10:15:00+00:00,2026-05-17T10:15:00+00:00,,,,Xianyang,Asia/Shanghai,XIY,ZLXY,5,,,2026-05-17T13:20:00+00:00,,,,,,China Express Airlines,G5,HXA,6869,G56869,HXA6869,,,,,781F1A,,,,,,,,,,china eastern airlines,mu,ces,2184,mu2184,ces2184,
2026-05-17,scheduled,Shenyang,Asia/Shanghai,SHE,ZYTX,T3,,,2026-05-17T10:05:00+00:00,2026-05-17T10:05:00+00:00,,,,Shanghai Pudong International,Asia/Shanghai,PVG,ZSPD,1,,6,2026-05-17T12:35:00+00:00,,,,,,China Eastern Airlines,MU,CES,4576,MU4576,CES4576,,,,,781509,,,,,,,,,,shanghai airlines,fm,csh,9088,fm9088,csh9088,
2026-05-17,scheduled,Shenyang,Asia/Shanghai,SHE,ZYTX,,19,,2026-05-17T09:55:00+00:00,2026-05-17T09:55:00+00:00,,,,Guangzhou Baiyun International,Asia/Shanghai,CAN,ZGGG,2,,37,2026-05-17T14:25:00+00:00,,,,,,Sichuan Airlines,3U,CSC,1627,3U1627,CSC1627,,,,,782367,,,,,,,,,,china southern airlines,cz,csn,6367,cz6367,csn6367,
2026-05-17,cancelled,Shenyang,Asia/Shanghai,SHE,ZYTX,T3,,,2026-05-17T09:30:00+00:00,2026-05-17T09:30:00+00:00,,,,Changsha,Asia/Shanghai,CSX,ZGHA,1,,,2026-05-17T13:00:00+00:00,,,,,,Sichuan Airlines,3U,CSC,5528,3U5528,CSC5528,,,,,,,,,,,,,,,chengdu airlines,eu,uea,1874,eu1874,uea1874,
2026-05-17,cancelled,Shenyang,Asia/Shanghai,SHE,ZYTX,T3,,,2026-05-17T09:30:00+00:00,2026-05-17T09:30:00+00:00,,,,Changsha,Asia/Shanghai,CSX,ZGHA,1,,,2026-05-17T13:00:00+00:00,,,,,,China Southern Airlines,CZ,CSN,9268,CZ9268,CSN9268,,,,,,,,,,,,,,,chengdu airlines,eu,uea,1874,eu1874,uea1874,
2026-05-17,cancelled,Shenyang,Asia/Shanghai,SHE,ZYTX,T3,,,2026-05-17T09:30:00+00:00,2026-05-17T09:30:00+00:00,,,,Changsha,Asia/Shanghai,CSX,ZGHA,1,,,2026-05-17T13:00:00+00:00,,,,,,Loong Air,GJ,CDC,5040,GJ5040,CDC5040,,,,,,,,,,,,,,,chengdu airlines,eu,uea,1874,eu1874,uea1874,
2026-05-17,cancelled,Shenyang,Asia/Shanghai,SHE,ZYTX,T3,,,2026-05-17T09:30:00+00:00,2026-05-17T09:30:00+00:00,,,,Changsha,Asia/Shanghai,CSX,ZGHA,1,,,2026-05-17T13:00:00+00:00,,,,,,Tibet Airlines,TV,TBA,5040,TV5040,TBA5040,,,,,,,,,,,,,,,chengdu airlines,eu,uea,1874,eu1874,uea1874,
2026-05-17,scheduled,Shenyang,Asia/Shanghai,SHE,ZYTX,T3,24,,2026-05-17T09:15:00+00:00,2026-05-17T09:15:00+00:00,,,,Zhengzhou,Asia/Shanghai,CGO,ZHCC,2,,,2026-05-17T11:50:00+00:00,,,,,,Shandong Airlines,SC,CDG,9397,SC9397,CDG9397,,,,,7807A9,,,,,,,,,,shenzhen airlines,zh,csz,9727,zh9727,csz9727,
2026-05-17,scheduled,Shenyang,Asia/Shanghai,SHE,ZYTX,T3,24,,2026-05-17T09:15:00+00:00,2026-05-17T09:15:00+00:00,,,,Zhengzhou,Asia/Shanghai,CGO,ZHCC,2,,,2026-05-17T11:50:00+00:00,,,,,,Juneyao Air,HO,DKH,5034,HO5034,DKH5034,,,,,7807A9,,,,,,,,,,shenzhen airlines,zh,csz,9727,zh9727,csz9727,
2026-05-17,scheduled,Shenyang,Asia/Shanghai,SHE,ZYTX,T3,24,,2026-05-17T09:15:00+00:00,2026-05-17T09:15:00+00:00,,,,Zhengzhou,Asia/Shanghai,CGO,ZHCC,2,,,2026-05-17T11:50:00+00:00,,,,,,Air China,CA,CCA,3533,CA3533,CCA3533,,,,,7807A9,,,,,,,,,,shenzhen airlines,zh,csz,9727,zh9727,csz9727,
2026-05-17,scheduled,Shenyang,Asia/Shanghai,SHE,ZYTX,,11,,2026-05-17T09:10:00+00:00,2026-05-17T09:10:00+00:00,,,,Kunming,Asia/Shanghai,KMG,ZPPP,,,,2026-05-17T13:50:00+00:00,,,,,,Sichuan Airlines,3U,CSC,1455,3U1455,CSC1455,,,,,781096,,,,,,,,,,china southern airlines,cz,csn,5365,cz5365,csn5365,
2026-05-17,scheduled,Gimhae,Asia/Seoul,PUS,RKPK,I,8,,2026-05-17T15:05:00+00:00,2026-05-17T15:05:00+00:00,,,,Kansai International,Asia/Tokyo,KIX,RJBB,1,,8,2026-05-17T16:35:00+00:00,,,,,,Korean Air,KE,KAL,5087,KE5087,KAL5087,,,,,71C016,,,,,,,,,,jin air,lj,jna,253,lj253,jna253,
2026-05-17,scheduled,Gimhae,Asia/Seoul,PUS,RKPK,I,11,,2026-05-17T15:00:00+00:00,2026-05-17T15:00:00+00:00,,,,Kaoshiung International Airport,Asia/Taipei,KHH,RCKH,I,,2,2026-05-17T16:50:00+00:00,,,,,,,H1,H1,5992,H15992,H15992,,,,,,,,,,,,,,,t'way air,tw,twb,675,tw675,twb675,
2026-05-17,scheduled,Perth International,Australia/Perth,PER,YPPH,4,14,,2026-05-17T13:05:00+00:00,2026-05-17T13:05:00+00:00,,,,Brisbane International,Australia/Brisbane,BNE,YBBN,D,,D02,2026-05-17T19:25:00+00:00,,,,,,Emirates,EK,UAE,5650,EK5650,UAE5650,,,,,,,,,,,,,,,qantas,qf,qfa,938,qf938,qfa938,
2026-05-17,scheduled,Perth International,Australia/Perth,PER,YPPH,1,,,2026-05-17T13:05:00+00:00,2026-05-17T13:05:00+00:00,,,,Sir Seewoosagur Ramgoolam International,Indian/Mauritius,MRU,FIMP,,,,2026-05-17T17:45:00+00:00,,,,,,Air France,AF,AFR,7949,AF7949,AFR7949,,,,,,,,,,,,,,,air mauritius,mk,mau,441,mk441,mau441,
2026-05-17,scheduled,Perth International,Australia/Perth,PER,YPPH,1,,,2026-05-17T13:05:00+00:00,2026-05-17T13:05:00+00:00,,,,Sir Seewoosagur Ramgoolam International,Indian/Mauritius,MRU,FIMP,,,,2026-05-17T17:45:00+00:00,,,,,,Kenya Airways,KQ,KQA,4507,KQ4507,KQA4507,,,,,,,,,,,,,,,air mauritius,mk,mau,441,mk441,mau441,
2026-05-17,scheduled,Perth International,Australia/Perth,PER,YPPH,1,,,2026-05-17T13:05:00+00:00,2026-05-17T13:05:00+00:00,,,,Sir Seewoosagur Ramgoolam International,Indian/Mauritius,MRU,FIMP,,,,2026-05-17T17:45:00+00:00,,,,,,Air Austral,UU,REU,1941,UU1941,REU1941,,,,,,,,,,,,,,,air mauritius,mk,mau,441,mk441,mau441,
2026-05-17,scheduled,Perth International,Australia/Perth,PER,YPPH,4,9,,2026-05-17T12:35:00+00:00,2026-05-17T12:35:00+00:00,,,,Learmonth,Australia/Perth,LEA,YPLM,,,,2026-05-17T14:30:00+00:00,,,,,,Air New Zealand,NZ,ANZ,7271,NZ7271,ANZ7271,,,,,,,,,,,,,,,qantas,qf,qfa,1602,qf1602,qfa1602,
2026-05-17,scheduled,Perth International,Australia/Perth,PER,YPPH,4,9,,2026-05-17T12:35:00+00:00,2026-05-17T12:35:00+00:00,,,,Learmonth,Australia/Perth,LEA,YPLM,,,,2026-05-17T14:30:00+00:00,,,,,,Emirates,EK,UAE,5372,EK5372,UAE5372,,,,,,,,,,,,,,,qantas,qf,qfa,1602,qf1602,qfa1602,
2026-05-17,scheduled,Perth International,Australia/Perth,PER,YPPH,1,47B,,2026-05-17T12:30:00+00:00,2026-05-17T12:30:00+00:00,,,,Kununurra,Australia/Perth,KNX,YPKU,,,,2026-05-17T15:35:00+00:00,,,,,,Singapore Airlines,SQ,SIA,6788,SQ6788,SIA6788,,,,,7C1831,,,,,,,,,,virgin australia,va,voz,1637,va1637,voz1637,
2026-05-17,scheduled,Whitsunday Coast,Australia/Brisbane,PPP,YBPN,,,,2026-05-17T15:30:00+00:00,2026-05-17T15:30:00+00:00,,,,Armidale,Australia/Sydney,ARM,YARM,,,,2026-05-17T17:21:00+00:00,,,,,,empty,,,,,,,,,,7C35E7,,,,,,,,,,,,,,,,
2026-05-17,scheduled,Gardermoen,Europe/Oslo,OSL,ENGM,,,,2026-05-17T05:55:00+00:00,2026-05-17T05:55:00+00:00,,,,Larnaca,Asia/Nicosia,LCA,LCLK,,,,2026-05-17T11:21:00+00:00,,,,,,SAS,SK,SAS,7379,SK7379,SAS7379,,,,,4ACAA2,,,,,,,,,,,,,,,,
2026-05-17,scheduled,Naha,Asia/Tokyo,OKA,ROAH,D,35,,2026-05-17T15:00:00+00:00,2026-05-17T15:00:00+00:00,,,,Kobe,Asia/Tokyo,UKB,RJBE,1,,,2026-05-17T16:55:00+00:00,,,,,,All Nippon Airways,NH,ANA,2528,NH2528,ANA2528,,,,,,,,,,,,,,,solaseed air,6j,snj,128,6j128,snj128,
2026-05-17,scheduled,Naha,Asia/Tokyo,OKA,ROAH,D,22,,2026-05-17T14:55:00+00:00,2026-05-17T14:55:00+00:00,,,,Haneda Airport,Asia/Tokyo,HND,RJTT,1,,,2026-05-17T17:25:00+00:00,,,,,,Finnair,AY,FIN,5258,AY5258,FIN5258,,,,,,,,,,,,,,,jet linx aviation,jl,jtl,988,jl988,jtl988,
2026-05-17,scheduled,Naha,Asia/Tokyo,OKA,ROAH,D,22,,2026-05-17T14:55:00+00:00,2026-05-17T14:55:00+00:00,,,,Haneda Airport,Asia/Tokyo,HND,RJTT,1,,,2026-05-17T17:25:00+00:00,,,,,,AlphaSky,AS,JAG,7546,AS7546,JAG7546,,,,,,,,,,,,,,,jet linx aviation,jl,jtl,988,jl988,jtl988,
2026-05-17,scheduled,Narita International Airport,Asia/Tokyo,NRT,RJAA,1,42,,2026-05-17T12:00:00+00:00,2026-05-17T12:00:00+00:00,,,,Suvarnabhumi International,Asia/Bangkok,BKK,VTBS,,,,2026-05-17T16:30:00+00:00,,,,,,All Nippon Airways,NH,ANA,5955,NH5955,ANA5955,,,,,,,,,,,,,,,thai airways,tg,tha,643,tg643,tha643,
2026-05-17,scheduled,Narita International Airport,Asia/Tokyo,NRT,RJAA,1,42,,2026-05-17T12:00:00+00:00,2026-05-17T12:00:00+00:00,,,,Suvarnabhumi International,Asia/Bangkok,BKK,VTBS,,,,2026-05-17T16:30:00+00:00,,,,,,El Al,LY,ELY,8282,LY8282,ELY8282,,,,,,,,,,,,,,,thai airways,tg,tha,643,tg643,tha643,
2026-05-17,scheduled,Narita International Airport,Asia/Tokyo,NRT,RJAA,1,12,,2026-05-17T11:45:00+00:00,2026-05-17T11:45:00+00:00,,,,Bandar Seri Begwan International Airport,Asia/Brunei,BWN,WBSB,,,,2026-05-17T16:45:00+00:00,,,,,,Japan Airlines,JL,JTL,5001,JL5001,JTL5001,,,,,,,,,,,,,,,royal brunei airlines,bi,rba,696,bi696,rba696,
2026-05-17,scheduled,Narita International Airport,Asia/Tokyo,NRT,RJAA,3,154,,2026-05-17T11:40:00+00:00,2026-05-17T11:40:00+00:00,,,,Seoul (Incheon),Asia/Seoul,ICN,RKSI,1,128,12,2026-05-17T14:30:00+00:00,,,,,,,H1,H1,9801,H19801,H19801,,,,,,,,,,,,,,,jeju air,7c,jja,1102,7c1102,jja1102,
2026-05-17,scheduled,Chu-Bu Centrair International (Central Japan International),Asia/Tokyo,NGO,RJGG,1,7,,2026-05-17T15:00:00+00:00,2026-05-17T15:00:00+00:00,,,,Naha,Asia/Tokyo,OKA,ROAH,D,,,2026-05-17T17:25:00+00:00,,,,,,AlphaSky,AS,JAG,5660,AS5660,JAG5660,,,,,,,,,,,,,,,japan transocean air,nu,jta,47,nu47,jta47,
2026-05-17,scheduled,Chu-Bu Centrair International (Central Japan International),Asia/Tokyo,NGO,RJGG,1,11,,2026-05-17T14:35:00+00:00,2026-05-17T14:35:00+00:00,,,,Narita International Airport,Asia/Tokyo,NRT,RJAA,2,,,2026-05-17T15:50:00+00:00,,,,,,Bangkok Airways,PG,BKP,4169,PG4169,BKP4169,,,,,,,,,,,,,,,jet linx aviation,jl,jtl,3084,jl3084,jtl3084,
2026-05-17,scheduled,Chu-Bu Centrair International (Central Japan International),Asia/Tokyo,NGO,RJGG,1,11,,2026-05-17T14:35:00+00:00,2026-05-17T14:35:00+00:00,,,,Narita International Airport,Asia/Tokyo,NRT,RJAA,2,,,2026-05-17T15:50:00+00:00,,,,,,China Airlines,CI,CAL,8342,CI8342,CAL8342,,,,,,,,,,,,,,,jet linx aviation,jl,jtl,3084,jl3084,jtl3084,
2026-05-17,scheduled,Chu-Bu Centrair International (Central Japan International),Asia/Tokyo,NGO,RJGG,1,11,,2026-05-17T08:20:00+00:00,2026-05-17T08:20:00+00:00,2026-05-17T08:28:00+00:00,2026-05-17T08:28:00+00:00,2026-05-17T08:28:00+00:00,Narita International Airport,Asia/Tokyo,NRT,RJAA,2,,,2026-05-17T09:30:00+00:00,,,,,,Japan Airlines,JL,JAL,3082,JL3082,JAL3082,,JA317J,B738,B738,8511EC,2026-05-16T23:36:13+00:00,34.6254,137.363,5928.36,107.0,727.836,0.0,False,,,,,,,,
2026-05-17,scheduled,King Abdulaziz International,Asia/Riyadh,JED,OEJN,1,E36-,,2026-05-17T07:55:00+00:00,2026-05-17T07:55:00+00:00,,,,King Fahd International Airport,Asia/Riyadh,DMM,OEDF,,116,B5,2026-05-17T10:00:00+00:00,,,,,,Saudia,SV,SVA,6596,SV6596,SVA6596,,,,,710D89,,,,,,,,,,flyadeal,f3,fad,303,f3303,fad303,
2026-05-17,scheduled,King Abdulaziz International,Asia/Riyadh,JED,OEJN,1,,,2026-05-17T07:50:00+00:00,2026-05-17T07:50:00+00:00,,,,Dubai,Asia/Dubai,DXB,OMDB,2,,6,2026-05-17T11:50:00+00:00,,,,,,Emirates,EK,UAE,2259,EK2259,UAE2259,,,,,,,,,,,,,,,flydubai,fz,fdb,832,fz832,fdb832,
2026-05-17,scheduled,King Abdulaziz International,Asia/Riyadh,JED,OEJN,1,E36-,,2026-05-17T07:30:00+00:00,2026-05-17T07:30:00+00:00,,,,King Khaled International,Asia/Riyadh,RUH,OERK,3,,,2026-05-17T09:10:00+00:00,,,,,,Saudia,SV,SVA,6484,SV6484,SVA6484,,,,,717CE0,,,,,,,,,,flyadeal,f3,fad,102,f3102,fad102,
2026-05-17,scheduled,Port Blair,Asia/Kolkata,IXZ,VOPB,,,,2026-05-17T10:35:00+00:00,2026-05-17T10:35:00+00:00,,,,Madras International (Meenambakkam),Asia/Kolkata,MAA,VOMM,1,,,2026-05-17T12:55:00+00:00,,,,,,Akasa Air,QP,AKJ,3046,QP3046,AKJ3046,,,,,,,,,,,,,,,,,,,,,
2026-05-17,scheduled,Port Blair,Asia/Kolkata,IXZ,VOPB,,,,2026-05-17T09:40:00+00:00,2026-05-17T09:40:00+00:00,,,,Hyderabad Airport,Asia/Kolkata,HYD,VOHS,,,6,2026-05-17T12:05:00+00:00,10.0,,,,,IndiGo,6E,IGO,6306,6E6306,IGO6306,,,,,80182A,,,,,,,,,,,,,,,,
2026-05-17,scheduled,Port Blair,Asia/Kolkata,IXZ,VOPB,,,,2026-05-17T09:10:00+00:00,2026-05-17T09:10:00+00:00,,,,Bangalore International Airport,Asia/Kolkata,BLR,VOBL,1,40,06A,2026-05-17T11:45:00+00:00,10.0,,,,,IndiGo,6E,IGO,806,6E806,IGO806,,,,,801458,,,,,,,,,,,,,,,,
2026-05-17,scheduled,Itami,Asia/Tokyo,ITM,RJOO,,10,,2026-05-17T15:00:00+00:00,2026-05-17T15:00:00+00:00,,,,Haneda Airport,Asia/Tokyo,HND,RJTT,2,,,2026-05-17T16:15:00+00:00,,,,,,Air Canada,AC,ACA,6262,AC6262,ACA6262,,,,,,,,,,,,,,,all nippon airways,nh,ana,30,nh30,ana30,
2026-05-17,scheduled,Itami,Asia/Tokyo,ITM,RJOO,,15,,2026-05-17T14:50:00+00:00,2026-05-17T14:50:00+00:00,,,,Naha,Asia/Tokyo,OKA,ROAH,D,,,2026-05-17T17:00:00+00:00,,,,,,China Airlines,CI,CAL,8319,CI8319,CAL8319,,,,,,,,,,,,,,,jet linx aviation,jl,jtl,2087,jl2087,jtl2087,
2026-05-17,scheduled,Itami,Asia/Tokyo,ITM,RJOO,,19,,2026-05-17T14:35:00+00:00,2026-05-17T14:35:00+00:00,,,,Narita International Airport,Asia/Tokyo,NRT,RJAA,2,,,2026-05-17T16:00:00+00:00,,,,,,Bangkok Airways,PG,BKP,4149,PG4149,BKP4149,,,,,,,,,,,,,,,jet linx aviation,jl,jtl,3006,jl3006,jtl3006,
2026-05-17,scheduled,Itami,Asia/Tokyo,ITM,RJOO,,19,,2026-05-17T14:35:00+00:00,2026-05-17T14:35:00+00:00,,,,Narita International Airport,Asia/Tokyo,NRT,RJAA,2,,,2026-05-17T16:00:00+00:00,,,,,,China Airlines,CI,CAL,8348,CI8348,CAL8348,,,,,,,,,,,,,,,jet linx aviation,jl,jtl,3006,jl3006,jtl3006,
2026-05-17,scheduled,Itami,Asia/Tokyo,ITM,RJOO,,19,,2026-05-17T14:35:00+00:00,2026-05-17T14:35:00+00:00,,,,Narita International Airport,Asia/Tokyo,NRT,RJAA,2,,,2026-05-17T16:00:00+00:00,,,,,,Finnair,AY,FIN,5293,AY5293,FIN5293,,,,,,,,,,,,,,,jet linx aviation,jl,jtl,3006,jl3006,jtl3006,
2026-05-17,scheduled,Itami,Asia/Tokyo,ITM,RJOO,,19,,2026-05-17T14:35:00+00:00,2026-05-17T14:35:00+00:00,,,,Narita International Airport,Asia/Tokyo,NRT,RJAA,2,,,2026-05-17T16:00:00+00:00,,,,,,LATAM Airlines,LA,LAN,7482,LA7482,LAN7482,,,,,,,,,,,,,,,jet linx aviation,jl,jtl,3006,jl3006,jtl3006,
2026-05-17,scheduled,Itami,Asia/Tokyo,ITM,RJOO,,19,,2026-05-17T14:35:00+00:00,2026-05-17T14:35:00+00:00,,,,Narita International Airport,Asia/Tokyo,NRT,RJAA,2,,,2026-05-17T16:00:00+00:00,,,,,,Garuda Indonesia,GA,GIA,9415,GA9415,GIA9415,,,,,,,,,,,,,,,jet linx aviation,jl,jtl,3006,jl3006,jtl3006,
2026-05-17,scheduled,Itami,Asia/Tokyo,ITM,RJOO,,19,,2026-05-17T14:35:00+00:00,2026-05-17T14:35:00+00:00,,,,Narita International Airport,Asia/Tokyo,NRT,RJAA,2,,,2026-05-17T16:00:00+00:00,,,,,,Royal Brunei Airlines,BI,RBA,3434,BI3434,RBA3434,,,,,,,,,,,,,,,jet linx aviation,jl,jtl,3006,jl3006,jtl3006,
2026-05-17,scheduled,Itami,Asia/Tokyo,ITM,RJOO,,19,,2026-05-17T14:35:00+00:00,2026-05-17T14:35:00+00:00,,,,Narita International Airport,Asia/Tokyo,NRT,RJAA,2,,,2026-05-17T16:00:00+00:00,,,,,,WestJet,WS,WJA,5920,WS5920,WJA5920,,,,,,,,,,,,,,,jet linx aviation,jl,jtl,3006,jl3006,jtl3006,
2026-05-17,scheduled,Itami,Asia/Tokyo,ITM,RJOO,,19,,2026-05-17T14:35:00+00:00,2026-05-17T14:35:00+00:00,,,,Narita International Airport,Asia/Tokyo,NRT,RJAA,2,,,2026-05-17T16:00:00+00:00,,,,,,Aeromexico,AM,AMX,7741,AM7741,AMX7741,,,,,,,,,,,,,,,jet linx aviation,jl,jtl,3006,jl3006,jtl3006,
2026-05-17,scheduled,Itami,Asia/Tokyo,ITM,RJOO,,19,,2026-05-17T14:35:00+00:00,2026-05-17T14:35:00+00:00,,,,Narita International Airport,Asia/Tokyo,NRT,RJAA,2,,,2026-05-17T16:00:00+00:00,,,,,,AlphaSky,AS,JAG,7548,AS7548,JAG7548,,,,,,,,,,,,,,,jet linx aviation,jl,jtl,3006,jl3006,jtl3006,
2026-05-17,scheduled,Itami,Asia/Tokyo,ITM,RJOO,,19,,2026-05-17T14:35:00+00:00,2026-05-17T14:35:00+00:00,,,,Narita International Airport,Asia/Tokyo,NRT,RJAA,2,,,2026-05-17T16:00:00+00:00,,,,,,Iberia,IB,IBE,7182,IB7182,IBE7182,,,,,,,,,,,,,,,jet linx aviation,jl,jtl,3006,jl3006,jtl3006,
2026-05-17,scheduled,Itami,Asia/Tokyo,ITM,RJOO,,19,,2026-05-17T14:35:00+00:00,2026-05-17T14:35:00+00:00,,,,Narita International Airport,Asia/Tokyo,NRT,RJAA,2,,,2026-05-17T16:00:00+00:00,,,,,,SriLankan Airlines,UL,ALK,3328,UL3328,ALK3328,,,,,,,,,,,,,,,jet linx aviation,jl,jtl,3006,jl3006,jtl3006,
2026-05-17,scheduled,Itami,Asia/Tokyo,ITM,RJOO,,19,,2026-05-17T14:35:00+00:00,2026-05-17T14:35:00+00:00,,,,Narita International Airport,Asia/Tokyo,NRT,RJAA,2,,,2026-05-17T16:00:00+00:00,,,,,,MIAT Mongolian Airlines,OM,MGL,5522,OM5522,MGL5522,,,,,,,,,,,,,,,jet linx aviation,jl,jtl,3006,jl3006,jtl3006,
2026-05-17,scheduled,Itami,Asia/Tokyo,ITM,RJOO,,19,,2026-05-17T14:35:00+00:00,2026-05-17T14:35:00+00:00,,,,Narita International Airport,Asia/Tokyo,NRT,RJAA,2,,,2026-05-17T16:00:00+00:00,,,,,,Air Tahiti Nui,TN,THT,1801,TN1801,THT1801,,,,,,,,,,,,,,,jet linx aviation,jl,jtl,3006,jl3006,jtl3006,
2026-05-17,scheduled,Itami,Asia/Tokyo,ITM,RJOO,,19,,2026-05-17T14:35:00+00:00,2026-05-17T14:35:00+00:00,,,,Narita International Airport,Asia/Tokyo,NRT,RJAA,2,,,2026-05-17T16:00:00+00:00,,,,,,Qatar Airways,QR,QTR,6044,QR6044,QTR6044,,,,,,,,,,,,,,,jet linx aviation,jl,jtl,3006,jl3006,jtl3006,
2026-05-17,scheduled,Itami,Asia/Tokyo,ITM,RJOO,,19,,2026-05-17T14:35:00+00:00,2026-05-17T14:35:00+00:00,,,,Narita International Airport,Asia/Tokyo,NRT,RJAA,2,,,2026-05-17T16:00:00+00:00,,,,,,Malaysia Airlines,MH,MAS,9132,MH9132,MAS9132,,,,,,,,,,,,,,,jet linx aviation,jl,jtl,3006,jl3006,jtl3006,
2026-05-17,scheduled,Itami,Asia/Tokyo,ITM,RJOO,,19,,2026-05-17T14:35:00+00:00,2026-05-17T14:35:00+00:00,,,,Narita International Airport,Asia/Tokyo,NRT,RJAA,2,,,2026-05-17T16:00:00+00:00,,,,,,American Airlines,AA,AAL,8431,AA8431,AAL8431,,,,,,,,,,,,,,,jet linx aviation,jl,jtl,3006,jl3006,jtl3006,
2026-05-17,scheduled,Itami,Asia/Tokyo,ITM,RJOO,,17,,2026-05-17T14:25:00+00:00,2026-05-17T14:25:00+00:00,,,,Haneda Airport,Asia/Tokyo,HND,RJTT,1,,,2026-05-17T15:35:00+00:00,,,,,,Qantas,QF,QFA,3667,QF3667,QFA3667,,,,,,,,,,,,,,,jet linx aviation,jl,jtl,120,jl120,jtl120,
2026-05-17,scheduled,Itami,Asia/Tokyo,ITM,RJOO,,17,,2026-05-17T14:25:00+00:00,2026-05-17T14:25:00+00:00,,,,Haneda Airport,Asia/Tokyo,HND,RJTT,1,,,2026-05-17T15:35:00+00:00,,,,,,AlphaSky,AS,JAG,7574,AS7574,JAG7574,,,,,,,,,,,,,,,jet linx aviation,jl,jtl,120,jl120,jtl120,
2026-05-17,active,Itami,Asia/Tokyo,ITM,RJOO,,17,,2026-05-17T08:30:00+00:00,2026-05-17T08:30:00+00:00,,,,Haneda Airport,Asia/Tokyo,HND,RJTT,1,,,2026-05-17T09:40:00+00:00,,,,,,Japan Airlines,JL,JAL,106,JL106,JAL106,,,,,86DD6E,,,,,,,,,,,,,,,,
2026-05-17,active,Itami,Asia/Tokyo,ITM,RJOO,,15,,2026-05-17T08:20:00+00:00,2026-05-17T08:20:00+00:00,,,,Naha,Asia/Tokyo,OKA,ROAH,D,,,2026-05-17T10:35:00+00:00,2.0,,,,,Japan Airlines,JL,JAL,2081,JL2081,JAL2081,,JA16XJ,A359,A359,847294,2026-05-16T23:35:57+00:00,34.7095,135.375,1272.54,195.0,503.744,0.0,False,,,,,,,,
2026-05-17,scheduled,Istanbul Airport,Europe/Istanbul,IST,LTFM,,A6A,,2026-05-17T06:35:00+00:00,2026-05-17T06:35:00+00:00,,,,Orly,Europe/Paris,ORY,LFPO,3,,,2026-05-17T09:20:00+00:00,,,,,,Transavia,HV,TRA,3423,HV3423,TRA3423,,,,,39DE47,,,,,,,,,,,,,,,,
2026-05-17,scheduled,Qingdao,Asia/Shanghai,TAO,ZSQD,,89,,2026-05-17T08:55:00+00:00,2026-05-17T08:55:00+00:00,,,,Seoul (Incheon),Asia/Seoul,ICN,RKSI,1,37,19,2026-05-17T11:15:00+00:00,,,,,,Asiana Airlines,OZ,AAR,6710,OZ6710,AAR6710,,,,,,,,,,,,,,,shandong airlines,sc,cdg,4609,sc4609,cdg4609,
2026-05-17,scheduled,Qingdao,Asia/Shanghai,TAO,ZSQD,,89,,2026-05-17T08:55:00+00:00,2026-05-17T08:55:00+00:00,,,,Seoul (Incheon),Asia/Seoul,ICN,RKSI,1,37,19,2026-05-17T11:15:00+00:00,,,,,,Air China,CA,CCA,8887,CA8887,CCA8887,,,,,,,,,,,,,,,shandong airlines,sc,cdg,4609,sc4609,cdg4609,
2026-05-17,scheduled,Qingdao,Asia/Shanghai,TAO,ZSQD,,81,,2026-05-17T08:25:00+00:00,2026-05-17T08:25:00+00:00,,,,Seoul (Incheon),Asia/Seoul,ICN,RKSI,1,130,12,2026-05-17T11:00:00+00:00,,,,,,Korean Air,KE,KAL,5854,KE5854,KAL5854,,,,,7805A3,,,,,,,,,,china eastern airlines,mu,ces,2039,mu2039,ces2039,
2026-05-17,scheduled,Qingdao,Asia/Shanghai,TAO,ZSQD,,81,,2026-05-17T08:25:00+00:00,2026-05-17T08:25:00+00:00,,,,Seoul (Incheon),Asia/Seoul,ICN,RKSI,1,130,12,2026-05-17T11:00:00+00:00,,,,,,Shanghai Airlines,FM,CSH,3077,FM3077,CSH3077,,,,,7805A3,,,,,,,,,,china eastern airlines,mu,ces,2039,mu2039,ces2039,
2026-05-17,scheduled,Hyderabad Airport,Asia/Kolkata,HYD,VOHS,,8,,2026-05-17T11:05:00+00:00,2026-05-17T11:05:00+00:00,,,,Vishakhapatnam,Asia/Kolkata,VTZ,VOVZ,,,,2026-05-17T12:20:00+00:00,15.0,,,,,British Airways,BA,BAW,8832,BA8832,BAW8832,,,,,801622,,,,,,,,,,indigo,6e,igo,879,6e879,igo879,
2026-05-17,scheduled,Harbin,Asia/Shanghai,HRB,ZYHB,T2,45,,2026-05-17T09:05:00+00:00,2026-05-17T09:05:00+00:00,,,,Xianyang,Asia/Shanghai,XIY,ZLXY,5,,,2026-05-17T12:40:00+00:00,,,,,,Sichuan Airlines,3U,CSC,1525,3U1525,CSC1525,,,,,7806FC,,,,,,,,,,china southern airlines,cz,csn,5969,cz5969,csn5969,
2026-05-17,scheduled,Fukuoka,Asia/Tokyo,FUK,RJFF,D,8,,2026-05-17T08:15:00+00:00,2026-05-17T08:15:00+00:00,,,,Haneda Airport,Asia/Tokyo,HND,RJTT,1,,,2026-05-17T09:50:00+00:00,,,,,,Japan Airlines,JL,JAL,304,JL304,JAL304,,,,,8418CC,,,,,,,,,,,,,,,,
